{
  "project_info": {
    "project_number": "754293079304",
    "project_id": "foodpandaandroid",
    "storage_bucket": "foodpandaandroid.firebasestorage.app"
  },
  "client": [
    {
      "client_info": {
        "mobilesdk_app_id": "1:754293079304:android:b9c7a2127a8d7eb29840bd",
        "android_client_info": {
          "package_name": "com.example.foodpandaproject"
        }
      },
      "oauth_client": [
        {
          "client_id": "754293079304-dn3nde1t5ens3emv9vc5i1s2b7lqncsf.apps.googleusercontent.com",
          "client_type": 1,
          "android_info": {
            "package_name": "com.example.foodpandaproject",
            "certificate_hash": "ce46f85d984e6d8424a3ca8203202632272c6ad6"
          }
        },
        {
          "client_id": "754293079304-gh5tjl31qt0m3jmf33gqboohi28su09f.apps.googleusercontent.com",
          "client_type": 3
        }
      ],
      "api_key": [
        {
          "current_key": "AIzaSyBVnoUEwKzw0yKcCTuG8LXidzzze-urZpw"
        }
      ],
      "services": {
        "appinvite_service": {
          "other_platform_oauth_client": [
            {
              "client_id": "754293079304-gh5tjl31qt0m3jmf33gqboohi28su09f.apps.googleusercontent.com",
              "client_type": 3
            }
          ]
        }
      }
    }
  ],
  "configuration_version": "1"
}